{"cameraMode":{"drawMode":0,"name":"Shaded","section":"Shading Mode"},"sceneLighting":false,"audioPlay":false,"sceneViewState":{"m_AlwaysRefresh":false,"showFog":true,"showSkybox":false,"showFlares":true,"showImageEffects":true,"showParticleSystems":true,"showVisualEffectGraphs":true,"m_FxEnabled":true},"in2DMode":false,"pivot":{"x":-0.21346962451934815,"y":-0.24815666675567628,"z":0.07629263401031494},"rotation":{"x":0.006512042135000229,"y":0.9899636507034302,"z":-0.13476115465164185,"w":0.0451822355389595},"size":4.654031276702881,"orthographic":false}