{"cameraMode":{"drawMode":0,"name":"Shaded","section":"Shading Mode"},"sceneLighting":false,"audioPlay":false,"sceneViewState":{"m_AlwaysRefresh":false,"showFog":true,"showSkybox":false,"showFlares":true,"showImageEffects":true,"showParticleSystems":true,"showVisualEffectGraphs":true,"m_FxEnabled":true},"in2DMode":false,"pivot":{"x":-0.21346962451934815,"y":-0.24815642833709718,"z":-1.7974580526351929},"rotation":{"x":0.045704346150159839,"y":0.9513468146324158,"z":-0.1703859120607376,"w":0.2531749904155731},"size":4.460190296173096,"orthographic":false}