{"cameraMode":{"drawMode":0,"name":"Shaded","section":"Shading Mode"},"sceneLighting":true,"audioPlay":false,"sceneViewState":{"m_AlwaysRefresh":false,"showFog":true,"showSkybox":true,"showFlares":true,"showImageEffects":true,"showParticleSystems":true,"showVisualEffectGraphs":true,"m_FxEnabled":true},"in2DMode":false,"pivot":{"x":0.34240788221359255,"y":0.03748076409101486,"z":-4.61177396774292},"rotation":{"x":0.015897175297141076,"y":0.01199946366250515,"z":-0.00019095429161097854,"w":0.9998319149017334},"size":2.330568313598633,"orthographic":false}