{"cameraMode":{"drawMode":0,"name":"Shaded","section":"Shading Mode"},"sceneLighting":false,"audioPlay":false,"sceneViewState":{"m_AlwaysRefresh":false,"showFog":true,"showSkybox":false,"showFlares":true,"showImageEffects":true,"showParticleSystems":true,"showVisualEffectGraphs":true,"m_FxEnabled":true},"in2DMode":false,"pivot":{"x":-5.960464477539063e-8,"y":-0.4859999418258667,"z":-0.5790001153945923},"rotation":{"x":0.09076905995607376,"y":0.013445541262626648,"z":-0.0012167933164164425,"w":0.9958187937736511},"size":0.662293553352356,"orthographic":false}