{"cameraMode":{"drawMode":0,"name":"Shaded","section":"Shading Mode"},"sceneLighting":false,"audioPlay":false,"sceneViewState":{"m_AlwaysRefresh":false,"showFog":true,"showSkybox":false,"showFlares":true,"showImageEffects":true,"showParticleSystems":true,"showVisualEffectGraphs":true,"m_FxEnabled":true},"in2DMode":false,"pivot":{"x":-5.960464477539063e-8,"y":-0.4859999418258667,"z":-0.5790001153945923},"rotation":{"x":0.04887287691235542,"y":0.017976896837353708,"z":-0.000913969415705651,"w":0.998685896396637},"size":2.7622933387756349,"orthographic":false}