{"cameraMode":{"drawMode":0,"name":"Shaded","section":"Shading Mode"},"sceneLighting":false,"audioPlay":false,"sceneViewState":{"m_AlwaysRefresh":false,"showFog":true,"showSkybox":false,"showFlares":true,"showImageEffects":true,"showParticleSystems":true,"showVisualEffectGraphs":true,"m_FxEnabled":true},"in2DMode":false,"pivot":{"x":-5.960464477539063e-8,"y":-0.4859999418258667,"z":-0.5790001153945923},"rotation":{"x":0.23890167474746705,"y":-0.2290022373199463,"z":0.058083005249500278,"w":0.9419028759002686},"size":1.562293529510498,"orthographic":false}