{"cameraMode":{"drawMode":0,"name":"Shaded","section":"Shading Mode"},"sceneLighting":false,"audioPlay":false,"sceneViewState":{"m_AlwaysRefresh":false,"showFog":true,"showSkybox":false,"showFlares":true,"showImageEffects":true,"showParticleSystems":true,"showVisualEffectGraphs":true,"m_FxEnabled":true},"in2DMode":false,"pivot":{"x":-0.21346956491470338,"y":-0.24815675616264344,"z":0.07629252970218659},"rotation":{"x":0.016163233667612077,"y":0.9843806028366089,"z":-0.11744441092014313,"w":0.13129878044128419},"size":1.2247449159622193,"orthographic":false}