{"cameraMode":{"drawMode":0,"name":"Shaded","section":"Shading Mode"},"sceneLighting":false,"audioPlay":false,"sceneViewState":{"m_AlwaysRefresh":false,"showFog":true,"showSkybox":false,"showFlares":true,"showImageEffects":true,"showParticleSystems":true,"showVisualEffectGraphs":true,"m_FxEnabled":true},"in2DMode":false,"pivot":{"x":-0.18669018149375916,"y":0.9813498258590698,"z":-0.6266593337059021},"rotation":{"x":-0.0008771585416980088,"y":0.9981098771095276,"z":-0.055799342691898349,"w":-0.03381285071372986},"size":3.4921135902404787,"orthographic":false}