{"cameraMode":{"drawMode":0,"name":"Shaded","section":"Shading Mode"},"sceneLighting":true,"audioPlay":false,"sceneViewState":{"m_AlwaysRefresh":false,"showFog":true,"showSkybox":true,"showFlares":true,"showImageEffects":true,"showParticleSystems":true,"showVisualEffectGraphs":true,"m_FxEnabled":true},"in2DMode":false,"pivot":{"x":-3.2882542610168459,"y":2.6101298332214357,"z":0.3470127582550049},"rotation":{"x":-0.0958525687456131,"y":0.0017882451647892595,"z":-0.00017203582683578134,"w":-0.9953950047492981},"size":13.622626304626465,"orthographic":false}