{"cameraMode":{"drawMode":0,"name":"Shaded","section":"Shading Mode"},"sceneLighting":false,"audioPlay":false,"sceneViewState":{"m_AlwaysRefresh":false,"showFog":true,"showSkybox":true,"showFlares":true,"showImageEffects":true,"showParticleSystems":true,"showVisualEffectGraphs":true,"m_FxEnabled":true},"in2DMode":false,"pivot":{"x":0.008833527565002442,"y":0.07953643798828125,"z":0.29010772705078127},"rotation":{"x":0.016163233667612077,"y":0.9843806028366089,"z":-0.11744441092014313,"w":0.13129878044128419},"size":4.536766529083252,"orthographic":false}