{"cameraMode":{"drawMode":0,"name":"Shaded","section":"Shading Mode"},"sceneLighting":false,"audioPlay":false,"sceneViewState":{"m_AlwaysRefresh":false,"showFog":true,"showSkybox":true,"showFlares":true,"showImageEffects":true,"showParticleSystems":true,"showVisualEffectGraphs":true,"m_FxEnabled":true},"in2DMode":false,"pivot":{"x":-0.05472763627767563,"y":0.1792580634355545,"z":0.24038062989711762},"rotation":{"x":0.011977403424680233,"y":0.9786294102668762,"z":-0.19815412163734437,"w":0.056379128247499469},"size":0.12954473495483399,"orthographic":false}