{"cameraMode":{"drawMode":0,"name":"Shaded","section":"Shading Mode"},"sceneLighting":false,"audioPlay":false,"sceneViewState":{"m_AlwaysRefresh":false,"showFog":true,"showSkybox":true,"showFlares":true,"showImageEffects":true,"showParticleSystems":true,"showVisualEffectGraphs":true,"m_FxEnabled":true},"in2DMode":false,"pivot":{"x":2.1206750869750978,"y":-0.005087808705866337,"z":0.08001197129487992},"rotation":{"x":-0.10345084965229035,"y":0.6244677901268005,"z":-0.0842658132314682,"w":-0.769703209400177},"size":1.0128211975097657,"orthographic":false}