{"cameraMode":{"drawMode":0,"name":"Shaded","section":"Shading Mode"},"sceneLighting":false,"audioPlay":false,"sceneViewState":{"m_AlwaysRefresh":false,"showFog":true,"showSkybox":true,"showFlares":true,"showImageEffects":true,"showParticleSystems":true,"showVisualEffectGraphs":true,"m_FxEnabled":true},"in2DMode":false,"pivot":{"x":2.2458877563476564,"y":-0.25689274072647097,"z":-0.5620330572128296},"rotation":{"x":-0.12981462478637696,"y":0.5046481490135193,"z":-0.07760149240493775,"w":-0.8500611186027527},"size":1.0128211975097657,"orthographic":false}