{"cameraMode":{"drawMode":0,"name":"Shaded","section":"Shading Mode"},"sceneLighting":false,"audioPlay":false,"sceneViewState":{"m_AlwaysRefresh":false,"showFog":true,"showSkybox":true,"showFlares":true,"showImageEffects":true,"showParticleSystems":true,"showVisualEffectGraphs":true,"m_FxEnabled":true},"in2DMode":false,"pivot":{"x":0.008833527565002442,"y":0.07953643798828125,"z":0.29010772705078127},"rotation":{"x":-0.009916936978697777,"y":0.9892149567604065,"z":-0.11963029205799103,"w":-0.08567508310079575},"size":4.536766529083252,"orthographic":false}