{"cameraMode":{"drawMode":0,"name":"Shaded","section":"Shading Mode"},"sceneLighting":false,"audioPlay":false,"sceneViewState":{"m_AlwaysRefresh":false,"showFog":true,"showSkybox":false,"showFlares":true,"showImageEffects":true,"showParticleSystems":true,"showVisualEffectGraphs":true,"m_FxEnabled":true},"in2DMode":false,"pivot":{"x":2.1304304599761965,"y":-0.051260292530059817,"z":-0.02777978777885437},"rotation":{"x":-0.129683718085289,"y":0.7239879369735718,"z":-0.14241810142993928,"w":-0.6624916195869446},"size":1.1968703269958497,"orthographic":false}