{"cameraMode":{"drawMode":0,"name":"Shaded","section":"Shading Mode"},"sceneLighting":false,"audioPlay":false,"sceneViewState":{"m_AlwaysRefresh":false,"showFog":true,"showSkybox":false,"showFlares":true,"showImageEffects":true,"showParticleSystems":true,"showVisualEffectGraphs":true,"m_FxEnabled":true},"in2DMode":false,"pivot":{"x":0.15634681284427644,"y":-0.1655404418706894,"z":0.12329128384590149},"rotation":{"x":-0.004923884756863117,"y":0.9935283660888672,"z":-0.10320132970809937,"w":-0.047727230936288837},"size":1.4304189682006837,"orthographic":true}